No.,カテゴリ,店舗・施設名,都道府県,住所,電話番号,公式URL,問い合わせ先,ハラル認証状況,使用食材（競合情報）,優先度,アプローチメモ
1,焼肉,和牛焼肉ぱんが 新御徒町本店,東京都,台東区（新御徒町駅徒歩1分）,,https://www.wagyu-panga.jp/,サイト問合せフォーム,JHF認証済,A5ハラル和牛,★★★,PANGAグループ旗艦店。仕入れ先の追加・切替を提案
2,焼肉,和牛焼肉ぱんが 浅草店,東京都,台東区雷門2-1-13 4F,03-6231-6229,https://tabelog.com/en/tokyo/A1311/A131102/13287317/,直電,JHF認証済,A5ハラル和牛,★★★,PANGAグループ2号店
3,焼肉,肉亭ふたご iki 本郷三丁目店,東京都,文京区本郷,03-3868-2576,https://en.nikutei25.com/,TEL・サイト,JHF認証済,黒樺牛（競合）,★★★,黒樺牛→天幸牛への乗換提案。IG: @nikuteifutago.hongou
4,焼肉,肉亭ふたご iki 新宿店,東京都,新宿区歌舞伎町1-18-9 WaMall 10F,03-6205-6525,https://tabelog.com/en/tokyo/A1304/A130401/13197184/,直電,不明（要確認）,黒樺牛・太田牛（競合）,★★,黒樺牛使用中→ハラル認証確認後に乗換提案
5,焼肉,肉の匠 将泰庵 神田店,東京都,千代田区鍛治町1-9-19 GEMS新日本橋8F,03-3527-1629,https://shoutaian.co.jp/nikunotakumi/store/kanda/,TEL・サイト,JHF認証（2025年取得）,,★★,2025年認証取得直後→仕入れ先選定タイミング
6,焼肉,焼肉会席ともじ（HALAL yakiniku TOMOJI）,東京都,港区西新橋 日比谷フォートタワー2F,,https://yakiniku-tomoji-tokyo.owst.jp/,サイト問合せフォーム,JHF認証済,知床産A5ハラル和牛,★★,ミシュランシェフ監修・高級路線。OpenTable予約可
7,焼肉,炭火焼肉うしざか,東京都,港区西麻布4-3-2 田丸ビルB1F,03-6452-6929,https://ushizaka.com/,TEL・IG,ムスリムフレンドリー,,★★,IG: @yakiniku_ushizaka
8,焼肉,権八 西麻布（GONPACHI）,東京都,港区西麻布1-13-11 1-2F,03-5771-0170,https://gonpachi.jp/nishi-azabu/,TEL・サイト,ハラール認証済,尾崎牛（競合）,★★,ハラール黒毛和牛コース¥16,500提供。天幸牛への食材提案
9,ステーキ,GINZA THE EMPEROR（銀座初ハラル神戸牛専門店）,東京都,中央区銀座7-6-10 アソルティ銀座6F,03-6264-5394,https://emperor-ginza.com/,TEL・問合せフォーム,JHF認証済,ハラル神戸牛（競合）,★★,神戸牛の代替・追加食材として天幸牛を提案
10,焼肉,神戸牛焼肉ハラール和牛 肉兵衛 赤坂本店,東京都,港区赤坂3-10-5 赤坂クィーンビル2F,,https://nikubei-akasaka.com/ja/,サイト問合せ,ハラール認証済,100ヶ月熟成神戸牛（競合）,★★,豚肉・アルコール完全不使用。神戸牛仕入れの代替提案
11,居酒屋,博多前炉ばた 一承 東京上野,東京都,台東区上野（上野駅浅草口徒歩1分）,,https://issho-ueno.com/,サイト問合せ,辰屋ハラル神戸牛使用,ハラル神戸牛（辰屋）,★,ハラル神戸牛ステーキコース¥15,000〜35,000。IG: @hakatamaerobata.issho.ueno
12,焼肉,元気大将 新宿歌舞伎町,東京都,新宿区歌舞伎町2-9-3 三経59 1F,03-6233-8857,https://tabelog.com/en/tokyo/A1304/A130401/13234152/,直電,全席ハラール,宮崎牛・鹿児島牛（競合）,★,saki.safwa・TikTok紹介店。宮崎牛指定店。オーナーはパキスタン人
13,すき焼き・しゃぶしゃぶ,HALAL WAGYU RESTAURANT SHINJUKU-TEI 赤坂店,東京都,港区赤坂2-21-1 川本ビル1F,,https://www.halal-wagyu-shinjukutei-akasaka.com/,info@ken-company-llc.com,ハラール認証済,知床産A5和牛,★★★,すき焼き・しゃぶしゃぶ・焼肉・ラーメン複合業態。FC展開中
14,ラーメン,ハラル和牛ラーメン 新宿亭 四谷店,東京都,新宿区四谷1-23 上野ビルB1F,080-5913-0146,https://www.halal-ramen-shinjuku.shop/,info@ken-company-llc.com,ハラール認証済,A5ハラル和牛,★★★,新宿亭グループ1号店。FC加盟問合せ窓口も同メール
15,ラーメン,HALAL WAGYU RAMEN SHINJUKU-TEI 銀座店,東京都,港区新橋・汐留エリア,,https://hitosara.com/0034001662/,info@ken-company-llc.com,ハラール認証済,A5ハラル和牛,★★,新宿亭グループ
16,ラーメン,麺屋帆のる 恵比寿店,東京都,渋谷区恵比寿,03-5734-1667,https://halalramen-honolu.net/,TEL・サイト,ハラール認証（2020年取得）,黒樺牛（競合）,★★,黒樺牛使用確認→天幸牛への乗換提案。IG: @honolu_ebisu
17,ラーメン,麺屋帆のる 新宿御苑前店,東京都,新宿区新宿1-31-3 ダイアパレス新宿1丁目,03-5357-7664,https://hitosara.com/0031614611/,TEL,ハラール認証済,黒樺牛（競合）,★★,黒樺牛使用確認→天幸牛への乗換提案
18,複合施設,SANGA.TOKYO（神楽坂 全食材ハラール認証）,東京都,新宿区若宮町11-3 神楽坂（飯田橋駅徒歩7分）,,https://sanga-tokyo.com/en/,サイト問合せ,JHF認証（2026年1月取得）,,★★,A5ハラル和牛会席＋江戸前寿司＋カラオケの複合施設。2026年新規認証取得
19,ホテル,&Here TOKYO UENO（ホテル内PANGA出店）,東京都,台東区上野2-11-18,03-6240-1161,https://andherehotels.jp/tokyoueno/en/activity/halal-wagyu-yakiniku-panga/,TEL,PANGA（JHF認証）が出店,,★★,PANGAが入居するホテル。ホテル側への直接提案も可
20,ステーキ,和牛の刀 浅草本店,東京都,台東区浅草（浅草駅徒歩5分・雷門近く）,,https://wagyukatana.com/asakusahonten/,https://wagyukatana.com/company/,ハラル神戸牛導入済,神戸牛（競合）,★★★,吉祥吉グループ運営（全46店舗チェーン）。天幸牛の追加・代替仕入れを提案
21,ステーキ,和牛の刀 浅草2号店,東京都,台東区浅草,,https://wagyukatana.com/asakusa2/,https://wagyukatana.com/company/,ハラル神戸牛導入済,神戸牛（競合）,★★★,吉祥吉グループ
22,ステーキ,和牛の刀 西新宿1号店,東京都,新宿区西新宿,,https://wagyukatana.com/nishishinnjuku1/,https://wagyukatana.com/company/,ハラル神戸牛導入済,神戸牛（競合）,★★★,吉祥吉グループ
23,ステーキ,和牛の刀 ひさご通り店,東京都,台東区浅草エリア,,https://wagyukatana.com/hisagodori/,https://wagyukatana.com/company/,ハラル神戸牛導入済,神戸牛（競合）,★★★,吉祥吉グループ
24,焼肉,焼肉たかやま 大崎店,東京都,品川区大崎2-1-1 Think Park 2F,03-3491-2919,https://yakiniku-takayama-ohsaki.owst.jp/,TEL・サイト,不明（要確認）,黒樺牛（競合）,★★,黒樺牛仕入れ確認。ハラル認証有無確認後に天幸牛提案
25,焼肉,焼肉たかやま 新橋店,東京都,港区新橋,,https://yakinikutakayama-shinbashi.owst.jp/,TEL・サイト,不明（要確認）,黒樺牛（競合）,★★,黒樺牛仕入れ確認。ハラル認証有無確認後に天幸牛提案。IG: @yakiniku.takayama
26,焼肉,焼肉たかやま 港南台店,神奈川県,横浜市港南区,,https://takayama-konandai.owst.jp/,TEL・サイト,不明（要確認）,黒樺牛（競合）,★,黒樺牛仕入れ確認。横浜エリア
27,ステーキ,和牛の刀 心斎橋1号店,大阪府,大阪市中央区心斎橋（道頓堀・心斎橋近く）,,https://wagyukatana.com/shinsaibashi1/,https://wagyukatana.com/company/,ハラル神戸牛導入済,神戸牛（競合）,★★★,吉祥吉グループ。大阪12店舗の主力店
28,ステーキ,和牛の刀 神戸・大阪・京都 各店舗（計40店舗）,兵庫・大阪・京都,神戸24店・大阪12店・京都4店,,https://wagyukatana.com/store/,https://wagyukatana.com/company/,ハラル神戸牛導入済,神戸牛（競合）,★★★,本社への一括提案が最効率
29,焼肉,Osaka Halal Wagyu Steak Yakiniku Furusato,大阪府,大阪市中央区心斎橋筋2-3-31 1F,080-4563-1996,https://kem3700.gorp.jp/,直電,ハラール認証済,A5近江牛（競合）,★★,A5近江牛使用→天幸牛への乗換提案。多言語スタッフ在籍
30,焼肉,焼肉の店 ぜろはち 難波OCAT本店,大阪府,大阪市浪速区湊町1-4-1 OCATモール5F,,https://zerohachi-namba.gorp.jp/,サイト問合せ,ハラール認証済,和牛・アカ牛,★★,ハラル食材のみ・食べ放題コースあり
31,ホテル,シェラトン都ホテル大阪（日本料理うえまち・eu）,大阪府,大阪市天王寺区,0120-333-001,https://www.miyakohotels.ne.jp/osaka/topic/event/2101/,予約センター電話,ハラール認証（JMF）,,★★,牛フィレグリル等を提供。ホテル向け安定供給として提案
32,ホテル,ホテルプラザオーサカ「花伝」,大阪府,大阪市北区（梅田）,,https://plazaosaka.com/,サイト問合せ,ハラールフレンドリー,ハラル認証牛,★★,しゃぶしゃぶ・すき焼きコース（3日前要予約）。IG: @hotel_plazaosaka
33,焼肉,ハラール焼肉 成田屋 祇園店,京都府,京都市東山区林下町424 サンピアザビル1F,075-744-1350,,直電,ハラール認証済,和牛,★★,京都初の100%ハラル焼肉。全品和牛使用
34,ラーメン,ハラル和牛ラーメン 和牛座（WAGYUZA）NAVITOプロデュース,京都府,京都市（2026年4月オープン）,,https://www.instagram.com/wagyuza_halal/,fc@motaras.co.jp,ハラール認証済,,★★★,NAVITOプロデュース。FC急拡大中→指定食材化を提案
35,ラーメン,HALAL WAGYU RAMEN SHINJUKU-TEI 清水店,京都府,京都市清水寺近く,,https://www.halal-shinjukutei.com/kiyomizu-store,info@ken-company-llc.com,ハラール認証済,,★★,新宿亭グループ京都1号店
36,ラーメン,HALAL WAGYU RAMEN SHINJUKU-TEI 祇園店,京都府,京都市祇園（2025年11月オープン）,,https://www.halal-shinjukutei.com/,info@ken-company-llc.com,ハラール認証済,,★★,新宿亭グループ京都2号店
37,焼肉,Halal A5 Wagyu Yakiniku Sudaku Kyoto（総合近江牛商社）,京都府,京都市上京区春帯町355-4,070-1489-5774,https://www.groovyjapan.com/en/sudaku-kyoto/,TEL・IG(@halal_wagyu_sudaku),京都ハラル協議会認証,近江牛A5（競合）,★★,近江牛使用→天幸牛への乗換提案。2025年11月新規オープン
38,ステーキ,元祖 鉄板焼ステーキ みその 神戸本店,兵庫県,神戸市（三宮）,,https://misono.org/halal/,メール予約のみ（サイト参照）,ハラール認証済,ハラル神戸牛（競合）,★,世界初ハラール神戸牛ステーキ。完全予約制。三田食肉公社仕入れ
39,精肉・卸,神戸元町 辰屋（ハラル神戸牛卸・通販）,兵庫県,神戸市中央区元町,078-331-3016,https://kobebeef.co.jp/,直電,ハラール神戸牛取扱（辰屋ブランド）,神戸牛（競合）,★,精肉店・EC・一部レストランへ卸。競合仕入れ先として把握
40,焼肉,極味や（全16店舗展開）,福岡ほか全国,福岡・東京・名古屋・沖縄など全16店舗,,https://kiwamiya.com/,サイト問合せ / X: @kiwamiya000,福岡マスジド認証済,伊万里牛（競合）,★★,全国16店舗。博多店・福岡PARCO店・大名店・藤崎店ほか。X経由もDM可
41,ラーメン,HALAL WAGYU RAMEN SHINJUKU-TEI 札幌店,北海道,札幌市中央区南3条東1-6 2F,,https://www.halal-shinjukutei.com/sapporo-store,info@ken-company-llc.com,ハラール認証済,,★★,礼拝スペースあり。新宿亭グループ北海道店
42,ステーキ,和牛の刀 広島1号店,広島県,広島市,,https://wagyukatana.com/hiroshima1/,https://wagyukatana.com/company/,ハラル神戸牛導入済,神戸牛（競合）,★★,吉祥吉グループ
43,ホテル,APARTMENT HOTEL MIMARU（全国15拠点）,全国,全国主要都市（東京・大阪・京都等）,,https://mimaruhotels.com/en/,サイト問合せ,SHINJUKU-TEI赤坂と提携（体験プログラム案内済）,,★,全国展開のアパートメントホテル。体験提携先として提案可
44,インフルエンサー,NAVITO（@navito_halal）,東京都,Instagram / TikTok,,https://www.instagram.com/navito_halal/,InstagramDM / fc@motaras.co.jp（和牛座FC）,- ,- ,★★★,100万フォロワー超。和牛座FC拡大中→指定仕入れ食材化が最大チャンス
45,インフルエンサー,高雄咲（@saki.safwa）,東京都,Instagram / TikTok / Threads,,https://www.instagram.com/saki.safwa/,InstagramDM,-,-,★★,12.1万フォロワー。日本人ムスリマ。PRコラボ・サンプル送付でレビュー依頼
